feature_set,accuracy,precision,recall,f1_score
Causal Features,95.5,0.9550404351593338,0.955,0.9546805644785219
All Features,94.44444444444444,0.9449835735177251,0.9440816326530612,0.9442036210630178
